{
  "as_of": "2025-07-17",
  "capital": 1000.0,
  "base_close": {
    "TQQQ": 87.05000305175781,
    "GLD": 307.5899963378906,
    "XLP": 81.11000061035156,
    "DBMF": 25.709999084472656,
    "BTC-USD": 119289.84375
  },
  "base_adj": {
    "TQQQ": 86.96686553955078,
    "GLD": 307.5899963378906,
    "XLP": 80.55721282958984,
    "DBMF": 25.577259063720703,
    "BTC-USD": 119289.84375
  }
}