{
  "as_of": "2026-01-06",
  "capital_init": 100000.0,
  "shares": {
    "TQQQ": 545.3554065690046,
    "DBMF": 879.0435840555583,
    "XLE": 328.6590753855736,
    "GLD": 36.30379075922578,
    "SGOV": 149.3577611711603
  }
}