{
  "anchor_date": "2025-04-16",
  "capital_init": 100000.0,
  "shares": {
    "TQQQ": 1324.7957338731128,
    "DBMF": 994.035800365589,
    "XLE": 376.41155770033765,
    "GLD": 48.785247147519094,
    "SGOV": 149.20919309798197
  },
  "note": "synthetic target shares set at anchor_date close (rebalance date)"
}